year_month,alerts,escalation_rate
2025-01,505,0.1702970297029703
2025-02,517,0.18568665377176016
2025-03,505,0.17623762376237623
2025-04,470,0.2
2025-05,466,0.16523605150214593
2025-06,497,0.14285714285714285
2025-07,746,0.16353887399463807
2025-08,735,0.17006802721088435
2025-09,696,0.13936781609195403
2025-10,856,0.17172897196261683
2025-11,790,0.15443037974683543
2025-12,805,0.17515527950310558
2026-01,767,0.16427640156453716
2026-02,704,0.16051136363636365
2026-03,778,0.19922879177377892
2026-04,608,0.21217105263157895
2026-05,635,0.1700787401574803
2026-06,634,0.14353312302839116
2026-07,427,0.1756440281030445
2026-08,419,0.17899761336515513
2026-09,395,0.17468354430379746
2026-10,337,0.17507418397626112
2026-11,331,0.19939577039274925
2026-12,377,0.1909814323607427
