bin_left,bin_right,bin_mid,count
0.0,0.03125,0.015625,160
0.03125,0.0625,0.046875,176
0.0625,0.09375,0.078125,170
0.09375,0.125,0.109375,181
0.125,0.15625,0.140625,198
0.15625,0.1875,0.171875,197
0.1875,0.21875,0.203125,193
0.21875,0.25,0.234375,217
0.25,0.28125,0.265625,172
0.28125,0.3125,0.296875,184
0.3125,0.34375,0.328125,188
0.34375,0.375,0.359375,197
0.375,0.40625,0.390625,170
0.40625,0.4375,0.421875,198
0.4375,0.46875,0.453125,197
0.46875,0.5,0.484375,178
0.5,0.53125,0.515625,193
0.53125,0.5625,0.546875,206
0.5625,0.59375,0.578125,205
0.59375,0.625,0.609375,194
0.625,0.65625,0.640625,171
0.65625,0.6875,0.671875,204
0.6875,0.71875,0.703125,199
0.71875,0.75,0.734375,184
0.75,0.78125,0.765625,214
0.78125,0.8125,0.796875,187
0.8125,0.84375,0.828125,188
0.84375,0.875,0.859375,200
0.875,0.90625,0.890625,163
0.90625,0.9375,0.921875,193
0.9375,0.96875,0.953125,159
0.96875,1.0,0.984375,164
