feature,importance
naqd__kirim_amt_mean,131.8
bank_otkazmasi__chiqim_amt_mean,112.4
karta__chiqim_amt_mean,64.4
in_amt_min,53.0
amt_min,47.0
type_bank_otkazmasi_amt_std,42.4
type_bank_otkazmasi_amt_mean,40.6
type_karta_amt_std,39.2
type_xalqaro_90d_amt_mean,33.0
out_amt_min,32.2
type_naqd_amt_mean,31.8
sig_doy_sin,30.6
amt_min_180d,24.8
sig_doy_cos,24.2
xalqaro__chiqim_amt_mean,23.6
type_switch_rate,22.8
night_share_60d,22.4
type_naqd_abs_sum,21.2
shift__r14d_vs_p14_90d__type_l1,19.4
bank_otkazmasi__kirim_amt_mean,19.0
p30_180d__weekend_share,18.8
signal_num,18.6
shift__r30d_vs_p30_180d__type_js,17.6
type_naqd_90d_amt_mean,17.4
shift__r7d_vs_p7_30d__type_l1,17.0
type_bank_otkazmasi_30d_amt_mean,16.0
shift__r7d_vs_p7_30d__amt_z,16.0
shift__r3d_vs_p3_14d__type_js,15.8
out_amt_shift_30_90,15.2
type_shift_xalqaro_90d_vs_all,15.0
shift__r7d_vs_p7_30d__amt_mean_ratio,14.8
shift__r3d_vs_p3_14d__type_l1,14.4
evening_share_3d,14.2
last100__type_switch,13.8
type_naqd_amt_std,13.6
naqd__chiqim_share,13.6
p14_90d__type_naqd_share,13.6
type_naqd_30d_amt_mean,13.0
type_shift_karta_90d_vs_all,13.0
shift__r7d_vs_p7_30d__type_js,12.8
p30_180d__night_share,12.4
shift__r7d_vs_p7_30d__amt_std_ratio,12.2
type_bank_otkazmasi_7d_amt_mean,12.2
recent_min_z_30d,12.2
amt_tail_hi_99,12.0
out_amt_shift_7_30,11.8
shift__r30d_vs_p30_180d__type_l1,11.8
weekday_entropy,11.8
history_days,11.8
evening_share_7d,11.6
type_shift_naqd_30d_vs_all,11.4
shift__r14d_vs_p14_90d__in_share_ratio,11.4
type_shift_bank_otkazmasi_90d_vs_all,11.4
out_amt_max_7d,11.0
weekend_night_share,10.8
shift__r7d_vs_p7_30d__amt_mean_diff,10.8
out_amt_std_7d,10.8
out_amt_max,10.6
type_bank_otkazmasi_90d_amt_mean,10.6
out_amt_shift_7_90,10.6
karta__chiqim_30d_share,10.4
r14d__type_naqd_share,10.0
last100__abs_max,10.0
p3_14d__night_share,10.0
shift__r7d_vs_p7_30d__amt_std_diff,10.0
shift__r3d_vs_p3_14d__night_share_diff,10.0
cumshift__night_share_90_365__diff,9.8
in_amt_shift_30_90,9.8
p3_14d__in_share,9.8
shift__r14d_vs_p14_90d__amt_mean_ratio,9.6
p3_14d__type_bank_otkazmasi_share,9.6
afternoon_share,9.6
type_xalqaro_amt_std,9.6
morning_share,9.4
in_amt_shift_7_30,9.4
type_shift_naqd_90d_vs_all,9.4
cumshift__weekend_share_90_365__diff,9.4
naqd__chiqim_amt_mean,9.4
type_xalqaro_amt_mean,9.4
p7_30d__type_naqd_share,9.4
p3_14d__weekend_share,9.4
type_shift_naqd_7d_vs_all,9.4
out_amt_std_30d,9.2
cumshift__in_share_30_90__ratio,9.2
shift__r1d_vs_p1_7d__weekend_share_diff,9.2
shift__r14d_vs_p14_90d__type_js,9.2
last5__amt_med,9.0
p14_90d__weekend_share,9.0
pos_ge_2_5_share,9.0
cumshift__weekend_share_7_30__diff,9.0
recent_max_z_30d,9.0
p3_14d__amt_std,9.0
shift__r14d_vs_p14_90d__amt_std_diff,9.0
abs_max,8.8
p30_180d__type_naqd_share,8.8
shift__r7d_vs_p7_30d__night_share_diff,8.8
cumshift__amt_std_3_14__ratio,8.8
naqd__kirim_share,8.6
abs_ge_2_5_share,8.6
shift__r14d_vs_p14_90d__weekend_share_diff,8.6
out_amt_sum,8.6
abs_max_90d,8.6
shift__r7d_vs_p7_30d__abs_sum_diff,8.4
in_amt_std_7d,8.4
p14_90d__night_share,8.4
karta__chiqim_7d_share,8.4
cumshift__amt_mean_90_365__diff,8.4
in_amt_shift_7_90,8.4
night_share,8.4
cumshift__in_share_3_14__ratio,8.4
hour_entropy,8.4
shift__r30d_vs_p30_180d__amt_z,8.2
shift__r14d_vs_p14_90d__amt_std_ratio,8.0
type_karta_amt_mean,8.0
cumshift__night_share_7_30__diff,8.0
p14_90d__amt_std,7.8
cumshift__amt_std_90_365__diff,7.8
cumshift__out_share_90_365__ratio,7.8
type_naqd_7d_amt_mean,7.8
cumshift__night_share_14_90__diff,7.8
p7_30d__in_share,7.8
p7_30d__amt_med,7.8
out_amt_std_90d,7.8
cumshift__amt_std_30_90__diff,7.8
karta__chiqim_share,7.6
type_naqd_90d_share,7.6
xalqaro__kirim_amt_mean,7.6
amt_max_90d,7.6
shift__r3d_vs_p3_14d__amt_mean_diff,7.6
cumshift__amt_mean_7_30__ratio,7.6
p3_14d__type_karta_share,7.6
type_shift_bank_otkazmasi_7d_vs_all,7.6
shift__r3d_vs_p3_14d__out_share_ratio,7.6
trans_dir__chiqim_to_chiqim,7.6
bank_otkazmasi__chiqim_count,7.4
abs_max_60d,7.4
cumshift__weekend_share_30_90__ratio,7.4
out_amt_mean_7d,7.4
cumshift__out_share_30_90__ratio,7.4
shift__r14d_vs_p14_90d__out_share_ratio,7.4
amt_cv_abs,7.4
sig_day,7.4
shift__r14d_vs_p14_90d__amt_z,7.2
cumshift__amt_mean_7_30__diff,7.2
last10__amt_std,7.2
type_karta_7d_amt_mean,7.2
shift__r3d_vs_p3_14d__amt_std_diff,7.2
night_share_180d,7.2
shift__r7d_vs_p7_30d__count_rate_ratio,7.2
p7_30d__weekend_share,7.2
type_shift_karta_7d_vs_all,7.2
in_amt_max_90d,7.0
r14d__in_share,7.0
shift__r3d_vs_p3_14d__weekend_share_diff,7.0
cumshift__night_share_90_365__ratio,7.0
type_shift_bank_otkazmasi_30d_vs_all,7.0
last5__amt_max,7.0
cumshift__abs_sum_90_365__ratio,7.0
p7_30d__amt_std,6.8
type_karta_90d_amt_mean,6.8
out_amt_mean_90d,6.8
last100__amt_max,6.8
shift__r30d_vs_p30_180d__night_share_diff,6.8
bank_otkazmasi__kirim_7d_share,6.8
cumshift__weekend_share_90_365__ratio,6.8
amt_max_60d,6.8
cumshift__in_share_14_90__ratio,6.8
cumshift__weekend_share_30_90__diff,6.6
in_amt_std_30d,6.6
naqd__chiqim_count,6.6
cumshift__amt_mean_3_14__diff,6.6
last5__amt_min,6.6
cumshift__night_share_3_14__diff,6.6
cumshift__weekend_share_1_7__diff,6.4
recent_min_z_14d,6.4
abs_ge_3_0_share,6.4
sig_doy,6.4
amt_range,6.4
cumshift__night_share_7_30__ratio,6.4
shift__r7d_vs_p7_30d__weekend_share_diff,6.4
out_amt_max_90d,6.2
karta__kirim_amt_mean,6.2
p7_30d__out_share,6.2
in_amt_std_90d,6.2
p7_30d__type_karta_share,6.2
shift__r3d_vs_p3_14d__amt_mean_ratio,6.2
p14_90d__in_share,6.2
amt_min_60d,6.2
cumshift__amt_mean_90_365__ratio,6.0
out_abs_sum,6.0
in_share_48h,6.0
type_xalqaro_90d_share,6.0
last20__abs_mean,6.0
last5__amt_std,6.0
amt_std_3d,6.0
shift__r7d_vs_p7_30d__weekend_share_ratio,6.0
shift__r3d_vs_p3_14d__amt_std_ratio,6.0
out_amt_max_30d,6.0
shift__r14d_vs_p14_90d__night_share_ratio,6.0
amt_min_14d,6.0
weekend_share,6.0
recent_min_z_1d,6.0
r3d__type_naqd_share,6.0
cumshift__night_share_30_90__diff,6.0
shift__r30d_vs_p30_180d__out_share_ratio,6.0
last20__abs_max,6.0
r30d__night_share,5.8
p7_30d__night_share,5.8
shift__r7d_vs_p7_30d__night_share_ratio,5.8
cumshift__out_share_7_30__ratio,5.8
cumshift__amt_std_14_90__ratio,5.8
p30_180d__amt_std,5.6
last10__abs_max,5.6
cumshift__amt_std_30_180__ratio,5.6
weekend_share_180d,5.6
last20__amt_std,5.6
recent_min_z_3d,5.6
night_share_90d,5.6
cumshift__amt_std_30_180__diff,5.6
shift__r3d_vs_p3_14d__amt_z,5.6
last100__amt_std,5.6
last50__amt_min,5.4
amt_max_180d,5.4
cumshift__weekend_share_3_14__diff,5.4
cumshift__out_share_3_14__ratio,5.4
naqd__kirim_30d_share,5.4
tx_per_active_day_3d,5.4
cumshift__in_share_30_90__diff,5.4
r30d__in_share,5.4
shift__r30d_vs_p30_180d__amt_mean_diff,5.4
r3d__in_share,5.4
out_amt_sum_90d,5.4
p3_14d__type_naqd_share,5.4
cumshift__amt_std_90_365__ratio,5.4
cumshift__night_share_14_90__ratio,5.4
cumshift__out_share_30_180__ratio,5.4
last20__amt_min,5.4
r14d__night_share,5.2
daily_amt_mean_std,5.2
cumshift__cnt_90_365__ratio,5.2
bank_otkazmasi__chiqim_share,5.2
type_xalqaro_7d_amt_mean,5.2
out_amt_median,5.2
trend14__abs_slope,5.2
trend30__abs_slope,5.2
shift__r30d_vs_p30_180d__abs_sum_ratio,5.2
p14_90d__type_xalqaro_share,5.2
cumshift__amt_mean_30_90__diff,5.2
shift__r7d_vs_p7_30d__out_share_ratio,5.2
cumshift__in_share_90_365__diff,5.0
r3d__type_karta_share,5.0
in_amt_max_30d,5.0
p7_30d__type_bank_otkazmasi_share,5.0
karta__kirim_30d_share,5.0
cumshift__night_share_30_90__ratio,5.0
cumshift__amt_std_7_30__ratio,5.0
last10__dir_switch,5.0
recent_max_z_14d,5.0
cumshift__amt_mean_14_90__diff,5.0
in_amt_max_7d,4.8
shift__r3d_vs_p3_14d__in_share_ratio,4.8
shift__r3d_vs_p3_14d__in_share_diff,4.8
shift__r14d_vs_p14_90d__in_share_diff,4.8
evening_share_14d,4.8
cumshift__amt_std_3_14__diff,4.8
amt_min_365d,4.8
amt_q99,4.8
amt_tail_lo_01,4.8
cumshift__amt_std_14_90__diff,4.8
shift__r30d_vs_p30_180d__amt_std_diff,4.8
r30d__weekend_share,4.8
cumshift__in_share_90_365__ratio,4.8
amt_min_30d,4.8
shift__r1d_vs_p1_7d__type_l1,4.8
r3d__type_bank_otkazmasi_share,4.8
p30_180d__type_bank_otkazmasi_share,4.6
abs_std,4.6
trend90__abs_slope,4.6
last100__amt_min,4.6
bank_otkazmasi__kirim_share,4.6
type_shift_karta_30d_vs_all,4.6
p1_7d__amt_std,4.6
last50__type_switch,4.6
last20__amt_max,4.6
p1_7d__weekend_share,4.6
cumshift__abs_sum_90_365__diff,4.6
last5__gap_mean,4.6
type_entropy,4.6
recent_max_z_3d,4.4
cumshift__abs_sum_30_90__ratio,4.4
abs_mean_14d,4.4
amt_tail_hi_95,4.4
last20__dir_switch,4.4
pos_ge_0_5_count,4.4
out_90d,4.4
out_amt_mean_30d,4.4
type_shift_xalqaro_7d_vs_all,4.4
p3_14d__amt_med,4.4
cumshift__out_share_14_90__ratio,4.4
amt_min_48h,4.4
in_amt_max,4.2
karta__kirim_7d_share,4.2
p3_14d__amt_mean,4.2
shift__r7d_vs_p7_30d__in_share_diff,4.2
shift__r14d_vs_p14_90d__night_share_diff,4.2
type_naqd_share,4.2
last50__abs_max,4.2
last10__amt_min,4.2
in_amt_mean_7d,4.2
shift__r14d_vs_p14_90d__abs_sum_ratio,4.2
dir_switch_rate,4.2
evening_share,4.2
shift__r30d_vs_p30_180d__weekend_share_ratio,4.2
cumshift__in_share_3_14__diff,4.2
amt_min_90d,4.2
shift__r30d_vs_p30_180d__amt_mean_ratio,4.2
abs_ge_2_0_share,4.2
shift__r14d_vs_p14_90d__weekend_share_ratio,4.2
bank_otkazmasi__kirim_30d_share,4.2
last5__abs_mean,4.2
r7d__night_share,4.2
weekend_share_60d,4.2
weekend_90d,4.2
cumshift__in_share_7_30__ratio,4.0
cumshift__amt_mean_3_14__ratio,4.0
cumshift__amt_std_30_90__ratio,4.0
p1_7d__night_share,4.0
type_bank_otkazmasi_abs_sum,4.0
type_naqd_90d_count,4.0
cumshift__night_share_30_180__diff,4.0
cumshift__amt_mean_30_180__diff,4.0
shift__r3d_vs_p3_14d__abs_sum_ratio,4.0
last5__amt_mean,4.0
p3_14d__abs_sum,4.0
amt_max_3d,4.0
shift__r14d_vs_p14_90d__amt_mean_diff,4.0
last10__abs_mean,4.0
cumshift__amt_std_7_30__diff,4.0
shift__r30d_vs_p30_180d__in_share_ratio,4.0
evening_share_90d,4.0
naqd__chiqim_30d_share,3.8
cumshift__cnt_30_90__ratio,3.8
neg_le_m2_0_count,3.8
shift__r30d_vs_p30_180d__amt_std_ratio,3.8
p30_180d__active_days,3.8
r30d__type_naqd_share,3.8
recency_hours,3.8
abs_ge_0_5_share,3.8
trend30__sum_x2,3.8
naqd__chiqim_7d_share,3.8
recent_max_z_7d,3.8
abs_mean_7d,3.8
evening_share_60d,3.8
amt_max_48h,3.8
last5__abs_max,3.8
last10__amt_mean,3.8
trend14__cnt_slope,3.8
amt_max,3.8
last50__abs_mean,3.6
type_xalqaro_abs_sum,3.6
abs_ge_1_0_share,3.6
recent_min_z_7d,3.6
pos_ge_2_0_share,3.6
shift__r30d_vs_p30_180d__night_share_ratio,3.6
p3_14d__out_share,3.6
trend90__sum_x2,3.6
shift__r14d_vs_p14_90d__count_rate_ratio,3.6
evening_share_30d,3.6
shift__r14d_vs_p14_90d__abs_sum_diff,3.6
abs_mean_90d,3.6
cumshift__in_share_14_90__diff,3.6
daily_night_share_std,3.6
amt_std_14d,3.6
r30d__type_karta_share,3.6
amt_tail_lo_05,3.6
amt_mean_30d,3.6
cumshift__amt_mean_30_90__ratio,3.4
last10__amt_max,3.4
abs_sum_1d,3.4
amt_q25,3.4
amt_q10,3.4
cumshift__weekend_share_14_90__diff,3.4
last50__amt_med,3.4
last20__type_switch,3.4
abs_median,3.4
cumshift__in_share_7_30__diff,3.4
evening_share_180d,3.4
p7_30d__amt_mean,3.4
neg_le_m1_5_count,3.4
out_180d,3.4
shift__r7d_vs_p7_30d__in_share_ratio,3.4
abs_mean_30d,3.4
r3d__night_share,3.4
cumshift__weekend_share_7_30__ratio,3.4
out_amt_sum_30d,3.4
amt_med_30d,3.4
out_amt_std,3.4
gap_le_1h_share,3.4
burst_15m__mean_cnt,3.2
night_60d,3.2
amt_max_7d,3.2
r7d__weekend_share,3.2
p14_90d__type_bank_otkazmasi_share,3.2
p14_90d__type_karta_share,3.2
cumshift__amt_mean_30_180__ratio,3.2
out_amt_mean,3.2
tx_per_active_day_7d,3.2
trans_type__naqd_to_naqd,3.2
r14d__out_share,3.2
cumshift__abs_sum_3_14__diff,3.2
amt_q01,3.2
last50__dir_switch,3.2
out_count,3.2
last50__amt_std,3.2
neg_le_m1_5_share,3.2
last10__gap_mean,3.2
p30_180d__type_karta_share,3.2
abs_ge_1_5_count,3.2
sig_dow,3.0
abs_mean,3.0
bank_otkazmasi__chiqim_30d_share,3.0
neg_le_m0_5_share,3.0
gap_q10_sec,3.0
p30_180d__type_xalqaro_share,3.0
night_count,3.0
r14d__weekend_share,3.0
shift__r7d_vs_p7_30d__abs_sum_ratio,3.0
last20__amt_med,3.0
amt_std_48h,3.0
weekend_share_90d,3.0
cumshift__in_share_30_180__diff,3.0
gap_le_15m_share,3.0
shift__r3d_vs_p3_14d__count_rate_ratio,3.0
trans_type__karta_to_xalqaro,3.0
type_karta_90d_count,3.0
bank_otkazmasi__chiqim_7d_share,3.0
type_karta_abs_sum,3.0
type_karta_30d_amt_mean,3.0
amt_min_3d,3.0
cumshift__cnt_90_365__diff,3.0
out_amt_sum_7d,3.0
type_bank_otkazmasi_90d_share,3.0
shift__r30d_vs_p30_180d__abs_sum_diff,2.8
xalqaro__kirim_share,2.8
last10__type_bank_otkazmasi_share,2.8
gap_le_1m_share,2.8
cumshift__out_share_7_30__diff,2.8
sig_week,2.8
last10__amt_med,2.8
type_shift_xalqaro_30d_vs_all,2.8
last20__in_share,2.8
trend90__cnt_slope,2.8
last100__in_share,2.8
p1_7d__in_share,2.8
type_bank_otkazmasi_count,2.8
out_share_48h,2.8
cumshift__in_share_30_180__ratio,2.8
cumshift__cnt_7_30__ratio,2.8
shift__r3d_vs_p3_14d__night_share_ratio,2.8
karta__chiqim_count,2.8
r7d__type_bank_otkazmasi_share,2.8
trans_type__karta_to_karta,2.8
r14d__type_bank_otkazmasi_share,2.8
abs_ge_1_0_count,2.8
amt_iqr,2.8
neg_le_m2_0_share,2.8
weekend_night_count,2.8
type_xalqaro_30d_amt_mean,2.6
amt_std_7d,2.6
gap_q90_sec,2.6
last20__amt_mean,2.6
shift__r30d_vs_p30_180d__out_share_diff,2.6
last100__abs_mean,2.6
p30_180d__in_share,2.6
cumshift__night_share_1_7__diff,2.6
naqd__kirim_count,2.6
daily_amt_sum_std,2.6
karta__kirim_share,2.6
trans_type__naqd_to_bank_otkazmasi,2.6
gap_le_30m_share,2.6
amt_std_60d,2.6
type_karta_share,2.6
cumshift__night_share_30_180__ratio,2.6
in_amt_sum,2.6
shift__r14d_vs_p14_90d__out_share_diff,2.6
shift__r3d_vs_p3_14d__weekend_share_ratio,2.6
trend90__sum_x,2.6
abs_max_14d,2.6
last50__amt_max,2.4
trend30__cnt_slope,2.4
cumshift__weekend_share_14_90__ratio,2.4
bank_otkazmasi__chiqim_30d_count,2.4
abs_mean_3d,2.4
xalqaro__chiqim_share,2.4
type_naqd_count,2.4
type_bank_otkazmasi_share,2.4
trans_type__bank_otkazmasi_to_bank_otkazmasi,2.4
abs_max_3d,2.4
abs_mean_60d,2.4
type_xalqaro_share,2.4
in_amt_mean,2.4
r7d__type_karta_share,2.4
night_share_48h,2.4
trans_type__naqd_to_xalqaro,2.4
cumshift__amt_mean_14_90__ratio,2.4
in_amt_mean_30d,2.4
trans_type__karta_to_naqd,2.4
weekend_30d,2.4
abs_ge_3_0_count,2.4
trans_dir__kirim_to_chiqim,2.4
amt_med_14d,2.4
amt_max_14d,2.4
in_share_90d,2.4
abs_ge_1_5_share,2.4
recent_max_z_1d,2.4
last100__weekend_share,2.4
last10__type_switch,2.2
p30_180d__out_share,2.2
in_share_60d,2.2
gap_q25_sec,2.2
amt_std_90d,2.2
abs_max_180d,2.2
shift__r30d_vs_p30_180d__weekend_share_diff,2.2
cumshift__night_share_3_14__ratio,2.2
p30_180d__abs_sum,2.2
r14d__type_karta_share,2.2
burst_1h__mean_cnt,2.2
cumshift__out_share_14_90__diff,2.2
weekend_60d,2.2
amt_q05,2.2
last50__night_share,2.2
last100__type_naqd_share,2.2
last100__type_xalqaro_share,2.2
daily_abs_sum_mean,2.2
shift__r1d_vs_p1_7d__type_js,2.2
daily_out_share_std,2.2
trans_type__bank_otkazmasi_to_naqd,2.2
type_karta_90d_share,2.2
p1_7d__type_bank_otkazmasi_share,2.2
burst_5m__std_cnt,2.2
amt_sum_14d,2.0
tx_per_active_day_60d,2.0
karta__kirim_30d_count,2.0
in_amt_std,2.0
abs_max_7d,2.0
p7_30d__abs_sum,2.0
gap_std_sec,2.0
pos_ge_1_0_count,2.0
shift__r30d_vs_p30_180d__in_share_diff,2.0
shift__r30d_vs_p30_180d__count_rate_ratio,2.0
pos_ge_1_5_share,2.0
sig_dow_sin,2.0
r30d__type_bank_otkazmasi_share,2.0
last10__in_share,2.0
karta__kirim_count,2.0
type_bank_otkazmasi_30d_count,2.0
shift__r1d_vs_p1_7d__night_share_diff,2.0
last50__type_naqd_share,2.0
last10__type_karta_share,2.0
trend30__sum_xy_cnt,2.0
p1_7d__type_naqd_share,2.0
amt_sum_90d,2.0
trend14__sum_xy_cnt,2.0
out_share_90d,2.0
cumshift__out_share_30_180__diff,2.0
daily_cnt_q90,2.0
shift__r1d_vs_p1_7d__amt_mean_diff,2.0
last5__type_switch,1.8
out_60d,1.8
last50__gap_mean,1.8
last100__type_bank_otkazmasi_share,1.8
last100__amt_mean,1.8
cumshift__out_share_90_365__diff,1.8
p14_90d__out_share,1.8
in_share,1.8
last50__amt_mean,1.8
last100__night_share,1.8
cumshift__out_share_30_90__diff,1.8
abs_sum,1.8
amt_med_90d,1.8
shift__r3d_vs_p3_14d__out_share_diff,1.8
cumshift__weekend_share_30_180__diff,1.8
amt_med_3d,1.8
night_90d,1.8
shift__r3d_vs_p3_14d__abs_sum_diff,1.8
in_amt_mean_90d,1.8
r30d__out_share,1.8
neg_le_m1_0_count,1.8
weekend_14d,1.8
trans_type__karta_to_bank_otkazmasi,1.8
trend30__sum_xy_abs,1.8
trend14__sum_xy_abs,1.8
trend14__sum_x2,1.8
abs_max_30d,1.8
r3d__weekend_share,1.8
in_amt_sum_7d,1.6
amt_mean_48h,1.6
tx_per_active_day_14d,1.6
morning_count,1.6
abs_ge_0_5_count,1.6
neg_le_m0_5_count,1.6
last20__night_share,1.6
out_share_60d,1.6
pos_ge_1_0_share,1.6
cumshift__out_share_3_14__diff,1.6
naqd__kirim_7d_share,1.6
r7d__in_share,1.6
trend14__sum_x,1.6
evening_90d,1.6
trend30__sum_x,1.6
r7d__type_naqd_share,1.6
gap_le_5m_share,1.6
burst_6h__max_abs_sum,1.6
trend90__sum_xy_abs,1.6
amt_min_7d,1.6
bank_otkazmasi__chiqim_7d_count,1.6
type_karta_7d_count,1.6
amt_max_1d,1.6
out_3d,1.6
last5__dir_switch,1.6
naqd__kirim_30d_count,1.6
cumshift__weekend_share_30_180__ratio,1.6
last50__in_share,1.6
velocity_accel_30_90,1.4
log1p__abs_ge_1_5_count,1.4
trans_type__naqd_to_karta,1.4
abs_max_1d,1.4
last100__gap_med,1.4
abs_ge_2_0_count,1.4
amt_mean_3d,1.4
weekend_count,1.4
trans_type__xalqaro_to_bank_otkazmasi,1.4
last5__in_share,1.4
amt_q95,1.4
active_days_180d,1.4
abs_mean_180d,1.4
amt_std_180d,1.4
trans_dir__kirim_to_kirim,1.4
abs_sum_60d,1.4
burst_6h__mean_cnt,1.4
abs_sum_90d,1.4
neg_le_m1_0_share,1.4
karta__kirim_7d_count,1.4
in_abs_sum,1.4
night_share_30d,1.4
in_3d,1.2
cumshift__abs_sum_30_180__ratio,1.2
out_7d,1.2
last5__gap_min,1.2
afternoon_count,1.2
r14d__type_xalqaro_share,1.2
abs_max_365d,1.2
cumshift__abs_sum_7_30__diff,1.2
p30_180d__amt_med,1.2
weekend_180d,1.2
pos_ge_3_0_share,1.2
amt_mean_60d,1.2
trans_dir__chiqim_to_kirim,1.2
recency_days,1.2
cnt_90d,1.2
out_share,1.2
velocity_accel_7_30,1.2
amt_q75,1.2
cumshift__amt_mean_1_7__diff,1.2
type_karta_30d_count,1.2
cumshift__weekend_share_3_14__ratio,1.2
shift__r1d_vs_p1_7d__amt_z,1.2
r1d__type_karta_share,1.2
p1_7d__active_days,1.2
p3_14d__count,1.2
shift__r1d_vs_p1_7d__amt_mean_ratio,1.2
night_share_365d,1.2
cnt_60d,1.2
amt_max_30d,1.2
burst_6h__std_cnt,1.2
in_share_14d,1.2
shift__r7d_vs_p7_30d__out_share_diff,1.2
bank_otkazmasi__kirim_7d_count,1.2
type_karta_count,1.2
amt_sum,1.2
daily_cnt_std,1.2
type_bank_otkazmasi_90d_count,1.2
daily_abs_sum_std,1.2
last50__gap_med,1.2
amt_min_1d,1.2
last100__dir_switch,1.2
abs_sum_3d,1.0
last100__type_karta_share,1.0
burst_5m__mean_cnt,1.0
weekend_7d,1.0
pos_ge_1_5_count,1.0
active_days_7d,1.0
amt_sum_3d,1.0
amt_mean_14d,1.0
active_days,1.0
p1_7d__abs_sum,1.0
type_naqd_30d_count,1.0
log1p__gap_q10_sec,1.0
log1p__neg_le_m0_5_count,1.0
log1p__bank_otkazmasi__chiqim_count,1.0
last50__weekend_share,1.0
log1p__pos_ge_0_5_count,1.0
amt_q90,1.0
trend90__n,1.0
amt_std_72h,1.0
in_amt_median,1.0
amt_med_60d,1.0
in_share_180d,1.0
bank_otkazmasi__kirim_count,1.0
tx_per_active_day_30d,1.0
type_naqd_7d_count,1.0
neg_le_m2_5_share,1.0
gap_mean_sec,1.0
xalqaro__kirim_30d_share,1.0
amt_std,1.0
p1_7d__amt_mean,1.0
p7_30d__count,1.0
shift__r1d_vs_p1_7d__count_rate_ratio,1.0
tx_per_active_day_90d,1.0
type_bank_otkazmasi_7d_count,1.0
night_share_7d,1.0
cumshift__cnt_14_90__ratio,1.0
amt_sum_180d,1.0
gap_q75_sec,1.0
pos_ge_0_5_share,1.0
r30d__type_xalqaro_share,1.0
amt_mean_90d,1.0
gap_median_sec,1.0
gap_le_6h_share,1.0
p7_30d__type_xalqaro_share,0.8
sig_month,0.8
r3d__type_xalqaro_share,0.8
r3d__out_share,0.8
type_karta_30d_share,0.8
txn_count,0.8
bank_otkazmasi__kirim_30d_count,0.8
cumshift__cnt_30_180__ratio,0.8
cumshift__abs_sum_30_180__diff,0.8
amt_med_7d,0.8
amt_sum_7d,0.8
cumshift__cnt_30_180__diff,0.8
cumshift__abs_sum_30_90__diff,0.8
trans_type__xalqaro_to_karta,0.8
last20__gap_med,0.8
trend90__sum_xy_cnt,0.8
p14_90d__amt_med,0.8
weekend_share_30d,0.8
night_share_14d,0.8
amt_min_72h,0.8
karta__chiqim_7d_count,0.8
karta__chiqim_30d_count,0.8
shift__r1d_vs_p1_7d__in_share_diff,0.8
shift__r1d_vs_p1_7d__abs_sum_ratio,0.8
abs_sum_180d,0.8
p14_90d__active_days,0.8
r30d__amt_mean,0.8
amt_std_30d,0.8
gap_le_3h_share,0.8
amt_sum_30d,0.8
amt_sum_60d,0.8
trend30__n,0.8
trans_type__bank_otkazmasi_to_xalqaro,0.8
trend14__sum_y_abs,0.8
abs_mean_1d,0.8
last5__type_karta_share,0.8
weekend_3d,0.8
last20__type_naqd_share,0.8
pos_ge_2_5_count,0.8
p14_90d__count,0.8
type_xalqaro_90d_count,0.8
naqd__chiqim_7d_count,0.8
night_180d,0.8
cumshift__cnt_3_14__ratio,0.8
in_amt_sum_30d,0.8
night_7d,0.6
in_7d,0.6
cumshift__cnt_30_90__diff,0.6
night_14d,0.6
out_14d,0.6
burst_5m__max_abs_sum,0.6
last5__gap_med,0.6
trend14__n,0.6
last5__type_bank_otkazmasi_share,0.6
pos_ge_2_0_count,0.6
log1p__burst_15m__std_cnt,0.6
log1p__burst_15m__mean_cnt,0.6
log1p__type_naqd_90d_count,0.6
last20__gap_mean,0.6
log1p__bank_otkazmasi__kirim_30d_count,0.6
log1p__abs_ge_2_0_count,0.6
log1p__karta__kirim_count,0.6
log1p__neg_le_m2_0_count,0.6
abs_ge_2_5_count,0.6
evening_count,0.6
amt_median,0.6
last20__type_karta_share,0.6
last100__out_share,0.6
last10__gap_min,0.6
in_30d,0.6
out_30d,0.6
amt_max_365d,0.6
active_days_365d,0.6
in_share_3d,0.6
p14_90d__amt_mean,0.6
cumshift__cnt_7_30__diff,0.6
in_90d,0.6
cumshift__abs_sum_14_90__ratio,0.6
amt_mean_180d,0.6
cnt_180d,0.6
gap_le_15m_count,0.6
gap_le_6h_count,0.6
abs_sum_30d,0.6
gap_le_5m_count,0.6
tx_per_active_day,0.6
burst_1h__max_abs_sum,0.6
in_60d,0.6
gap_le_1h_count,0.6
r7d__out_share,0.6
out_share_30d,0.6
abs_sum_24h,0.6
cumshift__in_share_1_7__diff,0.6
r14d__amt_std,0.6
naqd__kirim_7d_count,0.6
weekend_share_365d,0.6
p1_7d__type_karta_share,0.6
xalqaro__kirim_7d_share,0.6
xalqaro__kirim_count,0.6
p1_7d__out_share,0.6
p1_7d__amt_med,0.6
type_bank_otkazmasi_30d_share,0.6
p1_7d__type_xalqaro_share,0.6
p3_14d__active_days,0.6
sig_dow_cos,0.4
log1p__type_naqd_30d_count,0.4
log1p__gap_le_30m_count,0.4
amt_mean,0.4
log1p__bank_otkazmasi__chiqim_7d_count,0.4
type_karta_7d_share,0.4
last50__type_karta_share,0.4
last20__out_share,0.4
type_naqd_30d_share,0.4
log1p__type_karta_7d_count,0.4
log1p__abs_ge_1_0_count,0.4
log1p__karta__kirim_30d_count,0.4
log1p__karta__chiqim_count,0.4
log1p__type_bank_otkazmasi_count,0.4
log1p__type_bank_otkazmasi_7d_count,0.4
log1p__type_bank_otkazmasi_90d_count,0.4
cumshift__night_share_1_7__ratio,0.4
amt_std_365d,0.4
r7d__type_xalqaro_share,0.4
in_amt_sum_90d,0.4
weekend_share_7d,0.4
night_share_3d,0.4
active_days_14d,0.4
daily_abs_sum_max,0.4
last100__amt_med,0.4
last50__type_bank_otkazmasi_share,0.4
last20__type_bank_otkazmasi_share,0.4
xalqaro__kirim_30d_count,0.4
log1p__history_days,0.4
last10__gap_med,0.4
last100__gap_mean,0.4
log1p__gap_mean_sec,0.4
in_count,0.4
amt_mean_1d,0.4
amt_sum_1d,0.4
abs_sum_7d,0.4
xalqaro__chiqim_30d_share,0.4
naqd__chiqim_30d_count,0.4
cnt_14d,0.4
xalqaro__chiqim_7d_share,0.4
active_days_3d,0.4
cnt_7d,0.4
amt_mean_7d,0.4
daily_cnt_mean,0.4
last5__type_naqd_share,0.4
last5__type_xalqaro_share,0.4
last10__out_share,0.4
last10__night_share,0.4
trend90__sum_y_abs,0.4
burst_15m__std_cnt,0.4
in_14d,0.4
evening_14d,0.4
evening_share_365d,0.4
cnt_30d,0.4
r7d__amt_std,0.4
velocity_90d,0.4
p14_90d__abs_sum,0.4
log1p__burst_1h__mean_cnt,0.4
cumshift__abs_sum_1_7__diff,0.4
log1p__naqd__chiqim_count,0.4
cumshift__abs_sum_3_14__ratio,0.4
abs_sum_365d,0.4
amt_med_180d,0.4
in_72h,0.4
r14d__amt_mean,0.4
shift__r1d_vs_p1_7d__night_share_ratio,0.4
shift__r1d_vs_p1_7d__out_share_diff,0.4
shift__r1d_vs_p1_7d__in_share_ratio,0.4
p30_180d__amt_mean,0.4
shift__r1d_vs_p1_7d__abs_sum_diff,0.4
night_30d,0.4
active_days_30d,0.4
active_days_60d,0.4
active_days_90d,0.4
p30_180d__count,0.4
burst_1h__std_cnt,0.4
gap_le_3h_count,0.4
gap_le_30m_count,0.4
log1p__burst_6h__max_abs_sum,0.2
log1p__naqd__kirim_30d_count,0.2
log1p__bank_otkazmasi__chiqim_30d_count,0.2
log1p__p30_180d__count,0.2
night_share_72h,0.2
last20__weekend_share,0.2
log1p__burst_1h__std_cnt,0.2
log1p__burst_6h__std_cnt,0.2
trans_type__bank_otkazmasi_to_karta,0.2
r1d__amt_med,0.2
trans_type__xalqaro_to_naqd,0.2
burst_5m__max_cnt,0.2
burst_15m__max_cnt,0.2
last5__out_share,0.2
trend30__sum_y_cnt,0.2
trend30__sum_y_abs,0.2
log1p__morning_count,0.2
cnt_3d,0.2
log1p__abs_ge_0_5_count,0.2
log1p__pos_ge_2_5_count,0.2
type_naqd_7d_share,0.2
r3d__amt_med,0.2
p1_7d__count,0.2
log1p__karta__kirim_7d_count,0.2
log1p__type_karta_90d_count,0.2
log1p__type_karta_30d_count,0.2
amt_med_1d,0.2
evening_3d,0.2
r1d__out_share,0.2
log1p__gap_median_sec,0.2
last10__type_naqd_share,0.2
log1p__afternoon_count,0.2
out_share_180d,0.2
amt_mean_365d,0.2
amt_mean_72h,0.2
amt_max_72h,0.2
abs_sum_72h,0.2
cumshift__abs_sum_7_30__ratio,0.2
evening_180d,0.2
in_180d,0.2
shift__r1d_vs_p1_7d__weekend_share_ratio,0.2
r30d__amt_std,0.2
cumshift__abs_sum_14_90__diff,0.2
evening_60d,0.2
abs_sum_14d,0.2
evening_30d,0.2
evening_365d,0.2
weekend_share_3d,0.2
cnt_72h,0.2
r7d__active_days,0.2
abs_mean_365d,0.2
out_48h,0.2
in_48h,0.2
abs_sum_48h,0.2
out_365d,0.2
cumshift__abs_sum_1_7__ratio,0.2
cumshift__in_share_1_7__ratio,0.2
cumshift__out_share_1_7__ratio,0.2
p7_30d__active_days,0.2
cumshift__cnt_1_7__diff,0.2
cumshift__amt_mean_1_7__ratio,0.2
in_share_30d,0.2
log1p__gap_le_1h_count,0.2
out_share_14d,0.2
log1p__type_xalqaro_90d_count,0.2
log1p__p7_30d__count,0.2
sig_quarter,0.0
log1p__gap_le_3h_count,0.0
log1p__gap_le_6h_count,0.0
log1p__last5__count,0.0
log1p__last10__count,0.0
log1p__last20__count,0.0
log1p__last50__count,0.0
log1p__last100__count,0.0
log1p__xalqaro__chiqim_count,0.0
log1p__xalqaro__chiqim_7d_count,0.0
log1p__xalqaro__chiqim_30d_count,0.0
log1p__r1d__count,0.0
log1p__p1_7d__count,0.0
log1p__burst_5m__mean_cnt,0.0
log1p__burst_5m__max_cnt,0.0
type_bank_otkazmasi_7d_share,0.0
velocity_per_hour_72h,0.0
out_share_72h,0.0
in_share_72h,0.0
velocity_per_hour_48h,0.0
r7d__count,0.0
p3_14d__type_xalqaro_share,0.0
log1p__gap_le_15m_count,0.0
log1p__gap_le_5m_count,0.0
log1p__gap_le_1m_count,0.0
log1p__r30d__count,0.0
log1p__p14_90d__count,0.0
log1p__r14d__count,0.0
log1p__type_naqd_count,0.0
in_3h,0.0
abs_sum_3h,0.0
amt_min_3h,0.0
amt_max_3h,0.0
amt_std_3h,0.0
amt_mean_3h,0.0
cnt_3h,0.0
out_1h,0.0
in_1h,0.0
abs_sum_1h,0.0
amt_min_1h,0.0
amt_max_1h,0.0
amt_std_1h,0.0
amt_mean_24h,0.0
cnt_24h,0.0
out_12h,0.0
cnt_48h,0.0
amt_sum_365d,0.0
amt_med_365d,0.0
cumshift__cnt_3_14__diff,0.0
cumshift__weekend_share_1_7__ratio,0.0
cumshift__out_share_1_7__diff,0.0
cumshift__amt_std_1_7__ratio,0.0
cumshift__amt_std_1_7__diff,0.0
cumshift__cnt_1_7__ratio,0.0
amt_mean_6h,0.0
r14d__count,0.0
velocity_30d,0.0
velocity_14d,0.0
weekend_share_14d,0.0
cnt_6h,0.0
out_3h,0.0
cnt_1h,0.0
weekend_365d,0.0
night_365d,0.0
in_365d,0.0
amt_min_12h,0.0
amt_max_12h,0.0
amt_std_12h,0.0
amt_mean_12h,0.0
cnt_12h,0.0
out_6h,0.0
in_6h,0.0
abs_sum_6h,0.0
amt_min_6h,0.0
amt_max_6h,0.0
amt_std_6h,0.0
night_48h,0.0
r14d__active_days,0.0
night_24h,0.0
out_24h,0.0
in_24h,0.0
amt_min_24h,0.0
amt_max_24h,0.0
amt_std_24h,0.0
night_72h,0.0
out_72h,0.0
velocity_7d,0.0
out_share_7d,0.0
in_share_7d,0.0
velocity_3d,0.0
out_share_3d,0.0
tx_per_active_day_1d,0.0
velocity_1d,0.0
r7d__abs_sum,0.0
r7d__amt_med,0.0
r7d__amt_mean,0.0
velocity_60d,0.0
r14d__abs_sum,0.0
r14d__amt_med,0.0
shift__r1d_vs_p1_7d__out_share_ratio,0.0
evening_share_1d,0.0
night_share_1d,0.0
out_share_1d,0.0
in_share_1d,0.0
r30d__abs_sum,0.0
r30d__amt_med,0.0
r30d__count,0.0
cnt_365d,0.0
amt_mean_1h,0.0
type_xalqaro_count,0.0
burst_5m__q95_cnt,0.0
trend90__sum_y_cnt,0.0
last5__count,0.0
trans_type__xalqaro_to_xalqaro,0.0
burst_6h__q95_cnt,0.0
burst_6h__max_cnt,0.0
burst_1h__q95_cnt,0.0
burst_1h__max_cnt,0.0
burst_15m__max_abs_sum,0.0
burst_15m__q95_cnt,0.0
r30d__active_days,0.0
gap_le_1m_count,0.0
gap_min_sec,0.0
cumshift__cnt_14_90__diff,0.0
weekend_share_1d,0.0
last5__night_share,0.0
last10__weekend_share,0.0
out_share_3h,0.0
in_share_3h,0.0
velocity_per_hour_1h,0.0
night_share_1h,0.0
out_share_1h,0.0
in_share_1h,0.0
tx_per_active_day_365d,0.0
velocity_365d,0.0
out_share_365d,0.0
in_share_365d,0.0
tx_per_active_day_180d,0.0
velocity_180d,0.0
type_xalqaro_30d_count,0.0
type_xalqaro_7d_count,0.0
amt_std_1d,0.0
night_3d,0.0
shift__r1d_vs_p1_7d__amt_std_ratio,0.0
shift__r1d_vs_p1_7d__amt_std_diff,0.0
r1d__weekend_share,0.0
r1d__night_share,0.0
r1d__in_share,0.0
r1d__abs_sum,0.0
r1d__amt_std,0.0
r1d__amt_mean,0.0
r1d__count,0.0
xalqaro__chiqim_30d_count,0.0
xalqaro__chiqim_7d_count,0.0
evening_7d,0.0
trend14__sum_y_cnt,0.0
last5__weekend_share,0.0
velocity_per_hour_3h,0.0
n_hours,0.0
n_types,0.0
cnt_1d,0.0
pos_ge_3_0_count,0.0
neg_le_m2_5_count,0.0
active_days_1d,0.0
weekend_1d,0.0
evening_1d,0.0
night_1d,0.0
out_1d,0.0
in_1d,0.0
last10__count,0.0
daily_cnt_max,0.0
last100__gap_min,0.0
last20__count,0.0
last20__gap_min,0.0
n_weekdays,0.0
xalqaro__chiqim_count,0.0
xalqaro__kirim_7d_count,0.0
velocity_per_hour_24h,0.0
night_share_24h,0.0
out_share_24h,0.0
in_share_24h,0.0
velocity_per_hour_12h,0.0
night_share_12h,0.0
out_share_12h,0.0
in_share_12h,0.0
velocity_per_hour_6h,0.0
night_share_6h,0.0
out_share_6h,0.0
in_share_6h,0.0
log1p__in_count,0.0
log1p__daily_cnt_max,0.0
log1p__gap_q90_sec,0.0
log1p__gap_min_sec,0.0
log1p__gap_std_sec,0.0
log1p__recency_days,0.0
log1p__recency_hours,0.0
log1p__active_days,0.0
log1p__txn_count,0.0
velocity_accel_3_14,0.0
velocity_accel_1_7,0.0
last10__type_xalqaro_share,0.0
last100__count,0.0
last50__type_xalqaro_share,0.0
last50__count,0.0
last20__type_xalqaro_share,0.0
log1p__cnt_3d,0.0
log1p__cnt_1d,0.0
log1p__pos_ge_3_0_count,0.0
log1p__abs_ge_3_0_count,0.0
log1p__neg_le_m2_5_count,0.0
log1p__abs_ge_2_5_count,0.0
log1p__pos_ge_2_0_count,0.0
log1p__neg_le_m1_5_count,0.0
log1p__pos_ge_1_5_count,0.0
log1p__neg_le_m1_0_count,0.0
log1p__pos_ge_1_0_count,0.0
log1p__weekend_night_count,0.0
log1p__weekend_count,0.0
log1p__evening_count,0.0
log1p__night_count,0.0
log1p__out_count,0.0
r3d__count,0.0
log1p__type_karta_count,0.0
log1p__cnt_72h,0.0
log1p__cnt_48h,0.0
log1p__cnt_24h,0.0
log1p__cnt_12h,0.0
log1p__cnt_6h,0.0
log1p__cnt_3h,0.0
log1p__cnt_1h,0.0
log1p__cnt_365d,0.0
log1p__cnt_180d,0.0
log1p__cnt_90d,0.0
log1p__cnt_60d,0.0
log1p__cnt_30d,0.0
log1p__cnt_14d,0.0
log1p__cnt_7d,0.0
log1p__bank_otkazmasi__kirim_7d_count,0.0
log1p__bank_otkazmasi__kirim_count,0.0
log1p__type_bank_otkazmasi_30d_count,0.0
log1p__karta__chiqim_30d_count,0.0
log1p__karta__chiqim_7d_count,0.0
night_share_3h,0.0
r1d__type_xalqaro_share,0.0
r1d__type_naqd_share,0.0
r1d__type_bank_otkazmasi_share,0.0
r1d__active_days,0.0
type_xalqaro_30d_share,0.0
type_xalqaro_7d_share,0.0
r3d__active_days,0.0
r3d__abs_sum,0.0
r3d__amt_std,0.0
r3d__amt_mean,0.0
log1p__r3d__count,0.0
log1p__burst_6h__q95_cnt,0.0
sig_is_weekend,0.0
log1p__burst_6h__mean_cnt,0.0
log1p__burst_6h__max_cnt,0.0
log1p__burst_1h__max_abs_sum,0.0
log1p__burst_1h__q95_cnt,0.0
log1p__naqd__kirim_7d_count,0.0
log1p__naqd__kirim_count,0.0
log1p__type_naqd_7d_count,0.0
last50__gap_min,0.0
last50__out_share,0.0
log1p__burst_15m__max_cnt,0.0
log1p__burst_5m__max_abs_sum,0.0
log1p__burst_5m__q95_cnt,0.0
log1p__burst_5m__std_cnt,0.0
in_12h,0.0
abs_sum_12h,0.0
log1p__burst_1h__max_cnt,0.0
log1p__burst_15m__max_abs_sum,0.0
log1p__burst_15m__q95_cnt,0.0
sig_year,0.0
log1p__xalqaro__kirim_30d_count,0.0
log1p__xalqaro__kirim_7d_count,0.0
log1p__xalqaro__kirim_count,0.0
log1p__type_xalqaro_30d_count,0.0
log1p__type_xalqaro_7d_count,0.0
log1p__type_xalqaro_count,0.0
log1p__naqd__chiqim_30d_count,0.0
log1p__naqd__chiqim_7d_count,0.0
log1p__r7d__count,0.0
log1p__p3_14d__count,0.0
